{
  "title": "Welcome to Our new 💜",
  "description": "•❅──✧❅⋅•⋅⊰♡⊱⋅•⋅❅✧──❅•\n\n-  Make some freinds in <#1230826491433062503>\n- Send wallpapers in <#1230826540657283195>\n- Discuss gaming in <#1230826577533866075>\n\n•❅──✧❅⋅•⋅⊰♡⊱⋅•⋅❅✧──❅•",
  "image": "https://cdn.discordapp.com/attachments/1230822430973628496/1230822720887848991/9147-dark-n-purple-sky-banner-pfpsgg.gif?ex=6634b7fc&is=662242fc&hm=16a2596661357e0faf8d7aa78e4cae984cf7e85d0fb67cec036220eab03e272d&",
  "footer": "Have a great day!",
  "color": "#a700fe",
  "footerURL": "https://cdn.discordapp.com/attachments/1230824451990622299/1230824519220985896/6280-2.gif?ex=66239628&is=662244a8&hm=004da0947f343ec81f18e41379aaeca1b7c2c80aafc75e027ca30c19b659e5c5&",
  "thumbnail": null,
  "authorName": null,
  "authorURL": null,
  "authorIcon": null
}
